{"stats":{"minecraft:mined":{"minecraft:grass":1,"biomesoplenty:high_grass":1,"biomesoplenty:high_grass_plant":1},"minecraft:picked_up":{"minecraft:wheat_seeds":1},"minecraft:custom":{"minecraft:jump":20,"minecraft:time_since_rest":7752,"minecraft:damage_dealt":6,"minecraft:sprint_one_cm":3215,"minecraft:crouch_one_cm":82,"minecraft:damage_taken":50,"minecraft:leave_game":2,"minecraft:play_time":7752,"minecraft:walk_one_cm":3423,"minecraft:time_since_death":7752,"minecraft:sneak_time":53,"minecraft:total_world_time":7752,"minecraft:fall_one_cm":756,"minecraft:fly_one_cm":30921}},"DataVersion":3465}